{
  "anchors": [
    2.62,
    3.66,
    1.78,
    2.59,
    1.31,
    2.03,
    3.69,
    4.97,
    1.0,
    1.56
  ],
  "inputs": {
    "input0": [
      224,
      224,
      3
    ]
  },
  "outputs": {
    "output0": [
      7,
      7,
      65
    ]
  },
  "params_quantity": 1882961,
  "loss": [
    [
      1,
      1.08966
    ],
    [
      2,
      0.55614
    ],
    [
      3,
      0.636
    ],
    [
      4,
      0.37347
    ],
    [
      5,
      0.29887
    ],
    [
      6,
      0.62884
    ],
    [
      7,
      0.15579
    ],
    [
      8,
      0.10464
    ],
    [
      9,
      0.08455
    ],
    [
      10,
      0.06753
    ],
    [
      11,
      0.06438
    ],
    [
      12,
      0.05515
    ],
    [
      13,
      0.05402
    ],
    [
      14,
      0.04618
    ],
    [
      15,
      0.0459
    ],
    [
      16,
      0.04211
    ],
    [
      17,
      0.04508
    ],
    [
      18,
      0.03783
    ],
    [
      19,
      0.03676
    ],
    [
      20,
      0.03243
    ],
    [
      21,
      0.03342
    ],
    [
      22,
      0.03062
    ],
    [
      23,
      0.03178
    ],
    [
      24,
      0.03109
    ],
    [
      25,
      0.03123
    ],
    [
      26,
      0.0292
    ],
    [
      27,
      0.02794
    ],
    [
      28,
      0.02689
    ],
    [
      29,
      0.02673
    ],
    [
      30,
      0.02612
    ],
    [
      31,
      0.0246
    ],
    [
      32,
      0.02509
    ],
    [
      33,
      0.02374
    ],
    [
      34,
      0.02385
    ],
    [
      35,
      0.02206
    ],
    [
      36,
      0.0222
    ],
    [
      37,
      0.0199
    ],
    [
      38,
      0.02151
    ],
    [
      39,
      0.02063
    ],
    [
      40,
      0.02173
    ],
    [
      41,
      0.02028
    ],
    [
      42,
      0.01953
    ],
    [
      43,
      0.01839
    ],
    [
      44,
      0.01806
    ],
    [
      45,
      0.02079
    ],
    [
      46,
      0.01959
    ],
    [
      47,
      0.02042
    ],
    [
      48,
      0.0223
    ],
    [
      49,
      0.02117
    ],
    [
      50,
      0.01903
    ],
    [
      51,
      0.01829
    ],
    [
      52,
      0.01954
    ],
    [
      53,
      0.01891
    ],
    [
      54,
      0.01799
    ],
    [
      55,
      0.01622
    ],
    [
      56,
      0.01825
    ],
    [
      57,
      0.0171
    ],
    [
      58,
      0.01613
    ],
    [
      59,
      0.01577
    ],
    [
      60,
      0.0159
    ],
    [
      61,
      0.01412
    ],
    [
      62,
      0.01472
    ],
    [
      63,
      0.01401
    ],
    [
      64,
      0.01334
    ],
    [
      65,
      0.0131
    ],
    [
      66,
      0.01292
    ],
    [
      67,
      0.01314
    ],
    [
      68,
      0.0142
    ],
    [
      69,
      0.01474
    ],
    [
      70,
      0.01265
    ],
    [
      71,
      0.01386
    ],
    [
      72,
      0.01418
    ],
    [
      73,
      0.01297
    ],
    [
      74,
      0.01273
    ],
    [
      75,
      0.01208
    ],
    [
      76,
      0.01152
    ],
    [
      77,
      0.01249
    ],
    [
      78,
      0.01448
    ],
    [
      79,
      0.01406
    ],
    [
      80,
      0.01253
    ],
    [
      81,
      0.01171
    ],
    [
      82,
      0.01226
    ],
    [
      83,
      0.01227
    ],
    [
      84,
      0.01345
    ],
    [
      85,
      0.0143
    ],
    [
      86,
      0.01174
    ],
    [
      87,
      0.01211
    ],
    [
      88,
      0.01146
    ],
    [
      89,
      0.01126
    ],
    [
      90,
      0.01035
    ],
    [
      91,
      0.01077
    ],
    [
      92,
      0.01075
    ],
    [
      93,
      0.01071
    ],
    [
      94,
      0.00994
    ],
    [
      95,
      0.00965
    ],
    [
      96,
      0.00956
    ],
    [
      97,
      0.00934
    ],
    [
      98,
      0.00858
    ],
    [
      99,
      0.00884
    ],
    [
      100,
      0.00895
    ],
    [
      101,
      0.00846
    ],
    [
      102,
      0.00882
    ],
    [
      103,
      0.00853
    ],
    [
      104,
      0.00862
    ],
    [
      105,
      0.00815
    ],
    [
      106,
      0.00896
    ],
    [
      107,
      0.00883
    ],
    [
      108,
      0.00826
    ],
    [
      109,
      0.00852
    ],
    [
      110,
      0.00891
    ],
    [
      111,
      0.00875
    ],
    [
      112,
      0.00991
    ],
    [
      113,
      0.00893
    ],
    [
      114,
      0.00866
    ],
    [
      115,
      0.00961
    ],
    [
      116,
      0.00865
    ],
    [
      117,
      0.00791
    ],
    [
      118,
      0.00751
    ],
    [
      119,
      0.00773
    ],
    [
      120,
      0.00722
    ],
    [
      121,
      0.00731
    ],
    [
      122,
      0.00727
    ],
    [
      123,
      0.00722
    ],
    [
      124,
      0.00717
    ],
    [
      125,
      0.00649
    ],
    [
      126,
      0.00658
    ],
    [
      127,
      0.00692
    ],
    [
      128,
      0.00682
    ],
    [
      129,
      0.00703
    ],
    [
      130,
      0.00699
    ],
    [
      131,
      0.00668
    ],
    [
      132,
      0.00641
    ],
    [
      133,
      0.00664
    ],
    [
      134,
      0.00613
    ],
    [
      135,
      0.00611
    ],
    [
      136,
      0.00639
    ],
    [
      137,
      0.00635
    ],
    [
      138,
      0.00613
    ],
    [
      139,
      0.0062
    ],
    [
      140,
      0.00621
    ],
    [
      141,
      0.00592
    ],
    [
      142,
      0.00623
    ],
    [
      143,
      0.00586
    ],
    [
      144,
      0.00671
    ],
    [
      145,
      0.00678
    ],
    [
      146,
      0.00643
    ],
    [
      147,
      0.00626
    ],
    [
      148,
      0.00589
    ],
    [
      149,
      0.00533
    ],
    [
      150,
      0.00525
    ],
    [
      151,
      0.00511
    ],
    [
      152,
      0.00504
    ],
    [
      153,
      0.00495
    ],
    [
      154,
      0.00468
    ],
    [
      155,
      0.0045
    ],
    [
      156,
      0.00443
    ],
    [
      157,
      0.00471
    ],
    [
      158,
      0.00453
    ],
    [
      159,
      0.00449
    ],
    [
      160,
      0.00441
    ],
    [
      161,
      0.00454
    ],
    [
      162,
      0.00434
    ],
    [
      163,
      0.00434
    ],
    [
      164,
      0.00459
    ],
    [
      165,
      0.00479
    ],
    [
      166,
      0.00442
    ],
    [
      167,
      0.00431
    ],
    [
      168,
      0.00409
    ],
    [
      169,
      0.00425
    ],
    [
      170,
      0.00439
    ],
    [
      171,
      0.00411
    ],
    [
      172,
      0.00394
    ],
    [
      173,
      0.00384
    ],
    [
      174,
      0.00367
    ],
    [
      175,
      0.00363
    ],
    [
      176,
      0.0036
    ],
    [
      177,
      0.00365
    ],
    [
      178,
      0.0037
    ],
    [
      179,
      0.00451
    ],
    [
      180,
      0.00947
    ],
    [
      181,
      0.00735
    ],
    [
      182,
      0.00489
    ],
    [
      183,
      0.00428
    ],
    [
      184,
      0.00372
    ],
    [
      185,
      0.0035
    ],
    [
      186,
      0.00344
    ],
    [
      187,
      0.0034
    ],
    [
      188,
      0.00322
    ],
    [
      189,
      0.00311
    ],
    [
      190,
      0.00303
    ],
    [
      191,
      0.00306
    ],
    [
      192,
      0.00324
    ],
    [
      193,
      0.0034
    ],
    [
      194,
      0.00321
    ],
    [
      195,
      0.00298
    ],
    [
      196,
      0.00294
    ],
    [
      197,
      0.00316
    ],
    [
      198,
      0.003
    ],
    [
      199,
      0.00297
    ],
    [
      200,
      0.003
    ]
  ],
  "acc": [
    [
      1,
      0.38707
    ],
    [
      2,
      0.45635
    ],
    [
      3,
      0.43673
    ],
    [
      4,
      0.44481
    ],
    [
      5,
      0.43564
    ],
    [
      6,
      0.31806
    ],
    [
      7,
      0.30355
    ],
    [
      8,
      0.30648
    ],
    [
      9,
      0.29918
    ],
    [
      10,
      0.29654
    ],
    [
      11,
      0.29357
    ],
    [
      12,
      0.29101
    ],
    [
      13,
      0.29555
    ],
    [
      14,
      0.29726
    ],
    [
      15,
      0.29738
    ],
    [
      16,
      0.29451
    ],
    [
      17,
      0.29287
    ],
    [
      18,
      0.29193
    ],
    [
      19,
      0.29222
    ],
    [
      20,
      0.29364
    ],
    [
      21,
      0.29389
    ],
    [
      22,
      0.2897
    ],
    [
      23,
      0.29177
    ],
    [
      24,
      0.29108
    ],
    [
      25,
      0.29509
    ],
    [
      26,
      0.29204
    ],
    [
      27,
      0.29329
    ],
    [
      28,
      0.29052
    ],
    [
      29,
      0.28763
    ],
    [
      30,
      0.28682
    ],
    [
      31,
      0.28551
    ],
    [
      32,
      0.2882
    ],
    [
      33,
      0.28814
    ],
    [
      34,
      0.28437
    ],
    [
      35,
      0.28464
    ],
    [
      36,
      0.28516
    ],
    [
      37,
      0.28544
    ],
    [
      38,
      0.28908
    ],
    [
      39,
      0.28865
    ],
    [
      40,
      0.28569
    ],
    [
      41,
      0.28124
    ],
    [
      42,
      0.27725
    ],
    [
      43,
      0.28077
    ],
    [
      44,
      0.2854
    ],
    [
      45,
      0.28608
    ],
    [
      46,
      0.28819
    ],
    [
      47,
      0.28537
    ],
    [
      48,
      0.28469
    ],
    [
      49,
      0.28719
    ],
    [
      50,
      0.29186
    ],
    [
      51,
      0.29003
    ],
    [
      52,
      0.28221
    ],
    [
      53,
      0.28223
    ],
    [
      54,
      0.28519
    ],
    [
      55,
      0.28547
    ],
    [
      56,
      0.284
    ],
    [
      57,
      0.28422
    ],
    [
      58,
      0.28715
    ],
    [
      59,
      0.28784
    ],
    [
      60,
      0.28517
    ],
    [
      61,
      0.29003
    ],
    [
      62,
      0.28677
    ],
    [
      63,
      0.28531
    ],
    [
      64,
      0.28226
    ],
    [
      65,
      0.28047
    ],
    [
      66,
      0.28285
    ],
    [
      67,
      0.27809
    ],
    [
      68,
      0.27571
    ],
    [
      69,
      0.27534
    ],
    [
      70,
      0.27665
    ],
    [
      71,
      0.27931
    ],
    [
      72,
      0.28162
    ],
    [
      73,
      0.28092
    ],
    [
      74,
      0.27991
    ],
    [
      75,
      0.27964
    ],
    [
      76,
      0.27822
    ],
    [
      77,
      0.27837
    ],
    [
      78,
      0.27649
    ],
    [
      79,
      0.27089
    ],
    [
      80,
      0.27377
    ],
    [
      81,
      0.27487
    ],
    [
      82,
      0.27542
    ],
    [
      83,
      0.27376
    ],
    [
      84,
      0.27379
    ],
    [
      85,
      0.27403
    ],
    [
      86,
      0.27434
    ],
    [
      87,
      0.27394
    ],
    [
      88,
      0.2774
    ],
    [
      89,
      0.27571
    ],
    [
      90,
      0.27483
    ],
    [
      91,
      0.27294
    ],
    [
      92,
      0.27374
    ],
    [
      93,
      0.27288
    ],
    [
      94,
      0.27299
    ],
    [
      95,
      0.2709
    ],
    [
      96,
      0.27063
    ],
    [
      97,
      0.2735
    ],
    [
      98,
      0.27116
    ],
    [
      99,
      0.27371
    ],
    [
      100,
      0.27469
    ],
    [
      101,
      0.27456
    ],
    [
      102,
      0.27466
    ],
    [
      103,
      0.27218
    ],
    [
      104,
      0.26891
    ],
    [
      105,
      0.26815
    ],
    [
      106,
      0.26916
    ],
    [
      107,
      0.26911
    ],
    [
      108,
      0.26937
    ],
    [
      109,
      0.27162
    ],
    [
      110,
      0.26987
    ],
    [
      111,
      0.27172
    ],
    [
      112,
      0.26992
    ],
    [
      113,
      0.27247
    ],
    [
      114,
      0.2716
    ],
    [
      115,
      0.27286
    ],
    [
      116,
      0.27469
    ],
    [
      117,
      0.27043
    ],
    [
      118,
      0.26925
    ],
    [
      119,
      0.26875
    ],
    [
      120,
      0.26754
    ],
    [
      121,
      0.26914
    ],
    [
      122,
      0.26778
    ],
    [
      123,
      0.27055
    ],
    [
      124,
      0.27211
    ],
    [
      125,
      0.27029
    ],
    [
      126,
      0.27083
    ],
    [
      127,
      0.26828
    ],
    [
      128,
      0.2668
    ],
    [
      129,
      0.26785
    ],
    [
      130,
      0.26722
    ],
    [
      131,
      0.26372
    ],
    [
      132,
      0.26425
    ],
    [
      133,
      0.26307
    ],
    [
      134,
      0.26598
    ],
    [
      135,
      0.26594
    ],
    [
      136,
      0.26402
    ],
    [
      137,
      0.26425
    ],
    [
      138,
      0.2645
    ],
    [
      139,
      0.26455
    ],
    [
      140,
      0.26441
    ],
    [
      141,
      0.26496
    ],
    [
      142,
      0.26334
    ],
    [
      143,
      0.26397
    ],
    [
      144,
      0.26532
    ],
    [
      145,
      0.26391
    ],
    [
      146,
      0.26106
    ],
    [
      147,
      0.26048
    ],
    [
      148,
      0.26069
    ],
    [
      149,
      0.26198
    ],
    [
      150,
      0.2631
    ],
    [
      151,
      0.26054
    ],
    [
      152,
      0.26004
    ],
    [
      153,
      0.26017
    ],
    [
      154,
      0.25935
    ],
    [
      155,
      0.26163
    ],
    [
      156,
      0.26122
    ],
    [
      157,
      0.26102
    ],
    [
      158,
      0.26057
    ],
    [
      159,
      0.26077
    ],
    [
      160,
      0.26083
    ],
    [
      161,
      0.26026
    ],
    [
      162,
      0.2614
    ],
    [
      163,
      0.26016
    ],
    [
      164,
      0.25928
    ],
    [
      165,
      0.25916
    ],
    [
      166,
      0.26027
    ],
    [
      167,
      0.26174
    ],
    [
      168,
      0.2607
    ],
    [
      169,
      0.26104
    ],
    [
      170,
      0.2615
    ],
    [
      171,
      0.26025
    ],
    [
      172,
      0.25963
    ],
    [
      173,
      0.26106
    ],
    [
      174,
      0.26123
    ],
    [
      175,
      0.25908
    ],
    [
      176,
      0.25939
    ],
    [
      177,
      0.2599
    ],
    [
      178,
      0.25996
    ],
    [
      179,
      0.26175
    ],
    [
      180,
      0.2644
    ],
    [
      181,
      0.262
    ],
    [
      182,
      0.26062
    ],
    [
      183,
      0.26075
    ],
    [
      184,
      0.25993
    ],
    [
      185,
      0.26058
    ],
    [
      186,
      0.25967
    ],
    [
      187,
      0.25789
    ],
    [
      188,
      0.25533
    ],
    [
      189,
      0.25575
    ],
    [
      190,
      0.25611
    ],
    [
      191,
      0.25571
    ],
    [
      192,
      0.25631
    ],
    [
      193,
      0.25505
    ],
    [
      194,
      0.25559
    ],
    [
      195,
      0.25556
    ],
    [
      196,
      0.25618
    ],
    [
      197,
      0.25613
    ],
    [
      198,
      0.25483
    ],
    [
      199,
      0.25559
    ],
    [
      200,
      0.25553
    ]
  ],
  "lr": [
    [
      1,
      0.001
    ],
    [
      2,
      0.00099
    ],
    [
      3,
      0.00098
    ],
    [
      4,
      0.00097
    ],
    [
      5,
      0.00095
    ],
    [
      6,
      0.00094
    ],
    [
      7,
      0.00093
    ],
    [
      8,
      0.00092
    ],
    [
      9,
      0.00091
    ],
    [
      10,
      0.0009
    ],
    [
      11,
      0.00089
    ],
    [
      12,
      0.00088
    ],
    [
      13,
      0.00087
    ],
    [
      14,
      0.00086
    ],
    [
      15,
      0.00085
    ],
    [
      16,
      0.00084
    ],
    [
      17,
      0.00083
    ],
    [
      18,
      0.00082
    ],
    [
      19,
      0.00081
    ],
    [
      20,
      0.0008
    ],
    [
      21,
      0.00079
    ],
    [
      22,
      0.00079
    ],
    [
      23,
      0.00078
    ],
    [
      24,
      0.00077
    ],
    [
      25,
      0.00076
    ],
    [
      26,
      0.00075
    ],
    [
      27,
      0.00074
    ],
    [
      28,
      0.00073
    ],
    [
      29,
      0.00072
    ],
    [
      30,
      0.00072
    ],
    [
      31,
      0.00071
    ],
    [
      32,
      0.0007
    ],
    [
      33,
      0.00069
    ],
    [
      34,
      0.00068
    ],
    [
      35,
      0.00068
    ],
    [
      36,
      0.00067
    ],
    [
      37,
      0.00066
    ],
    [
      38,
      0.00065
    ],
    [
      39,
      0.00065
    ],
    [
      40,
      0.00064
    ],
    [
      41,
      0.00063
    ],
    [
      42,
      0.00062
    ],
    [
      43,
      0.00062
    ],
    [
      44,
      0.00061
    ],
    [
      45,
      0.0006
    ],
    [
      46,
      0.0006
    ],
    [
      47,
      0.00059
    ],
    [
      48,
      0.00058
    ],
    [
      49,
      0.00058
    ],
    [
      50,
      0.00057
    ],
    [
      51,
      0.00056
    ],
    [
      52,
      0.00056
    ],
    [
      53,
      0.00055
    ],
    [
      54,
      0.00054
    ],
    [
      55,
      0.00054
    ],
    [
      56,
      0.00053
    ],
    [
      57,
      0.00052
    ],
    [
      58,
      0.00052
    ],
    [
      59,
      0.00051
    ],
    [
      60,
      0.00051
    ],
    [
      61,
      0.0005
    ],
    [
      62,
      0.0005
    ],
    [
      63,
      0.00049
    ],
    [
      64,
      0.00048
    ],
    [
      65,
      0.00048
    ],
    [
      66,
      0.00047
    ],
    [
      67,
      0.00047
    ],
    [
      68,
      0.00046
    ],
    [
      69,
      0.00046
    ],
    [
      70,
      0.00045
    ],
    [
      71,
      0.00045
    ],
    [
      72,
      0.00044
    ],
    [
      73,
      0.00044
    ],
    [
      74,
      0.00043
    ],
    [
      75,
      0.00043
    ],
    [
      76,
      0.00042
    ],
    [
      77,
      0.00042
    ],
    [
      78,
      0.00041
    ],
    [
      79,
      0.00041
    ],
    [
      80,
      0.0004
    ],
    [
      81,
      0.0004
    ],
    [
      82,
      0.00039
    ],
    [
      83,
      0.00039
    ],
    [
      84,
      0.00038
    ],
    [
      85,
      0.00038
    ],
    [
      86,
      0.00038
    ],
    [
      87,
      0.00037
    ],
    [
      88,
      0.00037
    ],
    [
      89,
      0.00036
    ],
    [
      90,
      0.00036
    ],
    [
      91,
      0.00035
    ],
    [
      92,
      0.00035
    ],
    [
      93,
      0.00035
    ],
    [
      94,
      0.00034
    ],
    [
      95,
      0.00034
    ],
    [
      96,
      0.00033
    ],
    [
      97,
      0.00033
    ],
    [
      98,
      0.00033
    ],
    [
      99,
      0.00032
    ],
    [
      100,
      0.00032
    ],
    [
      101,
      0.00032
    ],
    [
      102,
      0.00031
    ],
    [
      103,
      0.00031
    ],
    [
      104,
      0.00031
    ],
    [
      105,
      0.0003
    ],
    [
      106,
      0.0003
    ],
    [
      107,
      0.0003
    ],
    [
      108,
      0.00029
    ],
    [
      109,
      0.00029
    ],
    [
      110,
      0.00029
    ],
    [
      111,
      0.00028
    ],
    [
      112,
      0.00028
    ],
    [
      113,
      0.00028
    ],
    [
      114,
      0.00027
    ],
    [
      115,
      0.00027
    ],
    [
      116,
      0.00027
    ],
    [
      117,
      0.00026
    ],
    [
      118,
      0.00026
    ],
    [
      119,
      0.00026
    ],
    [
      120,
      0.00025
    ],
    [
      121,
      0.00025
    ],
    [
      122,
      0.00025
    ],
    [
      123,
      0.00025
    ],
    [
      124,
      0.00024
    ],
    [
      125,
      0.00024
    ],
    [
      126,
      0.00024
    ],
    [
      127,
      0.00023
    ],
    [
      128,
      0.00023
    ],
    [
      129,
      0.00023
    ],
    [
      130,
      0.00023
    ],
    [
      131,
      0.00022
    ],
    [
      132,
      0.00022
    ],
    [
      133,
      0.00022
    ],
    [
      134,
      0.00022
    ],
    [
      135,
      0.00021
    ],
    [
      136,
      0.00021
    ],
    [
      137,
      0.00021
    ],
    [
      138,
      0.00021
    ],
    [
      139,
      0.0002
    ],
    [
      140,
      0.0002
    ],
    [
      141,
      0.0002
    ],
    [
      142,
      0.0002
    ],
    [
      143,
      0.00019
    ],
    [
      144,
      0.00019
    ],
    [
      145,
      0.00019
    ],
    [
      146,
      0.00019
    ],
    [
      147,
      0.00019
    ],
    [
      148,
      0.00018
    ],
    [
      149,
      0.00018
    ],
    [
      150,
      0.00018
    ],
    [
      151,
      0.00018
    ],
    [
      152,
      0.00018
    ],
    [
      153,
      0.00017
    ],
    [
      154,
      0.00017
    ],
    [
      155,
      0.00017
    ],
    [
      156,
      0.00017
    ],
    [
      157,
      0.00017
    ],
    [
      158,
      0.00016
    ],
    [
      159,
      0.00016
    ],
    [
      160,
      0.00016
    ],
    [
      161,
      0.00016
    ],
    [
      162,
      0.00016
    ],
    [
      163,
      0.00015
    ],
    [
      164,
      0.00015
    ],
    [
      165,
      0.00015
    ],
    [
      166,
      0.00015
    ],
    [
      167,
      0.00015
    ],
    [
      168,
      0.00015
    ],
    [
      169,
      0.00014
    ],
    [
      170,
      0.00014
    ],
    [
      171,
      0.00014
    ],
    [
      172,
      0.00014
    ],
    [
      173,
      0.00014
    ],
    [
      174,
      0.00014
    ],
    [
      175,
      0.00013
    ],
    [
      176,
      0.00013
    ],
    [
      177,
      0.00013
    ],
    [
      178,
      0.00013
    ],
    [
      179,
      0.00013
    ],
    [
      180,
      0.00013
    ],
    [
      181,
      0.00013
    ],
    [
      182,
      0.00012
    ],
    [
      183,
      0.00012
    ],
    [
      184,
      0.00012
    ],
    [
      185,
      0.00012
    ],
    [
      186,
      0.00012
    ],
    [
      187,
      0.00012
    ],
    [
      188,
      0.00012
    ],
    [
      189,
      0.00011
    ],
    [
      190,
      0.00011
    ],
    [
      191,
      0.00011
    ],
    [
      192,
      0.00011
    ],
    [
      193,
      0.00011
    ],
    [
      194,
      0.00011
    ],
    [
      195,
      0.00011
    ],
    [
      196,
      0.00011
    ],
    [
      197,
      0.0001
    ],
    [
      198,
      0.0001
    ],
    [
      199,
      0.0001
    ],
    [
      200,
      0.0001
    ]
  ],
  "val_acc": [
    [
      10,
      0.26348
    ],
    [
      20,
      0.46132
    ],
    [
      30,
      0.54612
    ],
    [
      40,
      0.62537
    ],
    [
      50,
      0.62234
    ],
    [
      60,
      0.65357
    ],
    [
      70,
      0.67683
    ],
    [
      80,
      0.64062
    ],
    [
      90,
      0.68828
    ],
    [
      100,
      0.65183
    ],
    [
      110,
      0.64554
    ],
    [
      120,
      0.6822
    ],
    [
      130,
      0.62825
    ],
    [
      140,
      0.65279
    ],
    [
      150,
      0.63625
    ],
    [
      160,
      0.65241
    ],
    [
      170,
      0.64224
    ],
    [
      180,
      0.62427
    ],
    [
      190,
      0.64713
    ],
    [
      200,
      0.64226
    ]
  ],
  "AP_2": [
    [
      10,
      0.27273
    ],
    [
      20,
      0.52121
    ],
    [
      30,
      0.6285
    ],
    [
      40,
      0.84153
    ],
    [
      50,
      0.74356
    ],
    [
      60,
      0.83845
    ],
    [
      70,
      0.95933
    ],
    [
      80,
      0.84508
    ],
    [
      90,
      0.95933
    ],
    [
      100,
      0.86153
    ],
    [
      110,
      0.80302
    ],
    [
      120,
      0.86755
    ],
    [
      130,
      0.78194
    ],
    [
      140,
      0.86755
    ],
    [
      150,
      0.86755
    ],
    [
      160,
      0.89525
    ],
    [
      170,
      0.89215
    ],
    [
      180,
      0.92577
    ],
    [
      190,
      0.89525
    ],
    [
      200,
      0.89525
    ]
  ],
  "AP_3": [
    [
      10,
      0.37374
    ],
    [
      20,
      0.49922
    ],
    [
      30,
      0.53193
    ],
    [
      40,
      0.50041
    ],
    [
      50,
      0.47397
    ],
    [
      60,
      0.47344
    ],
    [
      70,
      0.56089
    ],
    [
      80,
      0.49064
    ],
    [
      90,
      0.39138
    ],
    [
      100,
      0.44351
    ],
    [
      110,
      0.36176
    ],
    [
      120,
      0.38466
    ],
    [
      130,
      0.45887
    ],
    [
      140,
      0.5391
    ],
    [
      150,
      0.41272
    ],
    [
      160,
      0.51075
    ],
    [
      170,
      0.39139
    ],
    [
      180,
      0.42242
    ],
    [
      190,
      0.51485
    ],
    [
      200,
      0.49861
    ]
  ],
  "AP_4": [
    [
      10,
      0.27273
    ],
    [
      20,
      0.50442
    ],
    [
      30,
      0.52399
    ],
    [
      40,
      0.7021
    ],
    [
      50,
      0.72517
    ],
    [
      60,
      0.63891
    ],
    [
      70,
      0.69818
    ],
    [
      80,
      0.70069
    ],
    [
      90,
      0.69589
    ],
    [
      100,
      0.67762
    ],
    [
      110,
      0.70513
    ],
    [
      120,
      0.76065
    ],
    [
      130,
      0.63583
    ],
    [
      140,
      0.72565
    ],
    [
      150,
      0.6581
    ],
    [
      160,
      0.6581
    ],
    [
      170,
      0.59343
    ],
    [
      180,
      0.62369
    ],
    [
      190,
      0.61558
    ],
    [
      200,
      0.59416
    ]
  ],
  "AP_5": [
    [
      10,
      0.11515
    ],
    [
      20,
      0.41322
    ],
    [
      30,
      0.40909
    ],
    [
      40,
      0.40909
    ],
    [
      50,
      0.49422
    ],
    [
      60,
      0.43884
    ],
    [
      70,
      0.41897
    ],
    [
      80,
      0.44156
    ],
    [
      90,
      0.48995
    ],
    [
      100,
      0.47897
    ],
    [
      110,
      0.47897
    ],
    [
      120,
      0.58485
    ],
    [
      130,
      0.46708
    ],
    [
      140,
      0.47897
    ],
    [
      150,
      0.47897
    ],
    [
      160,
      0.47897
    ],
    [
      170,
      0.47897
    ],
    [
      180,
      0.45227
    ],
    [
      190,
      0.47897
    ],
    [
      200,
      0.47897
    ]
  ],
  "AP_6": [
    [
      10,
      0.35537
    ],
    [
      20,
      0.59259
    ],
    [
      30,
      0.61091
    ],
    [
      40,
      0.64848
    ],
    [
      50,
      0.67208
    ],
    [
      60,
      0.67712
    ],
    [
      70,
      0.77713
    ],
    [
      80,
      0.67273
    ],
    [
      90,
      0.71465
    ],
    [
      100,
      0.73427
    ],
    [
      110,
      0.77713
    ],
    [
      120,
      0.8
    ],
    [
      130,
      0.63462
    ],
    [
      140,
      0.65091
    ],
    [
      150,
      0.67742
    ],
    [
      160,
      0.71465
    ],
    [
      170,
      0.76224
    ],
    [
      180,
      0.75568
    ],
    [
      190,
      0.71787
    ],
    [
      200,
      0.71787
    ]
  ],
  "AP_7": [
    [
      10,
      0.24675
    ],
    [
      20,
      0.30303
    ],
    [
      30,
      0.33442
    ],
    [
      40,
      0.57177
    ],
    [
      50,
      0.49599
    ],
    [
      60,
      0.59091
    ],
    [
      70,
      0.58612
    ],
    [
      80,
      0.58009
    ],
    [
      90,
      0.66081
    ],
    [
      100,
      0.60303
    ],
    [
      110,
      0.55871
    ],
    [
      120,
      0.53314
    ],
    [
      130,
      0.56364
    ],
    [
      140,
      0.54545
    ],
    [
      150,
      0.56667
    ],
    [
      160,
      0.56667
    ],
    [
      170,
      0.55073
    ],
    [
      180,
      0.46212
    ],
    [
      190,
      0.57743
    ],
    [
      200,
      0.57273
    ]
  ],
  "AP_8": [
    [
      10,
      0.47141
    ],
    [
      20,
      0.66805
    ],
    [
      30,
      0.75469
    ],
    [
      40,
      0.78147
    ],
    [
      50,
      0.75469
    ],
    [
      60,
      0.83386
    ],
    [
      70,
      0.7345
    ],
    [
      80,
      0.74747
    ],
    [
      90,
      0.85714
    ],
    [
      100,
      0.83636
    ],
    [
      110,
      0.83386
    ],
    [
      120,
      0.88215
    ],
    [
      130,
      0.76923
    ],
    [
      140,
      0.80364
    ],
    [
      150,
      0.79273
    ],
    [
      160,
      0.8042
    ],
    [
      170,
      0.88312
    ],
    [
      180,
      0.7327
    ],
    [
      190,
      0.75
    ],
    [
      200,
      0.77826
    ]
  ],
  "AP_1": [
    [
      10,
      0.0
    ],
    [
      20,
      0.18881
    ],
    [
      30,
      0.57544
    ],
    [
      40,
      0.54806
    ],
    [
      50,
      0.61905
    ],
    [
      60,
      0.73705
    ],
    [
      70,
      0.67955
    ],
    [
      80,
      0.64669
    ],
    [
      90,
      0.73705
    ],
    [
      100,
      0.57937
    ],
    [
      110,
      0.64578
    ],
    [
      120,
      0.64459
    ],
    [
      130,
      0.71483
    ],
    [
      140,
      0.61101
    ],
    [
      150,
      0.63583
    ],
    [
      160,
      0.59073
    ],
    [
      170,
      0.58586
    ],
    [
      180,
      0.61948
    ],
    [
      190,
      0.62715
    ],
    [
      200,
      0.60227
    ]
  ],
  "mean": 123.5,
  "std": 58.395,
  "label_type": "detection",
  "data_type": "image",
  "labels": [
    "2",
    "3",
    "4",
    "5",
    "6",
    "7",
    "8",
    "1"
  ],
  "best_eval": {
    "epoch": 90,
    "val_acc": 0.688,
    "val_info": [
      {
        "name": "29fa360af46b4472b004d32398345c37.jpg",
        "nickname": "0719110826.jpg",
        "pred": [
          [
            0,
            169,
            7,
            223,
            0.8522638082504272,
            1.0
          ],
          [
            114,
            169,
            160,
            235,
            0.900303840637207,
            5.0
          ],
          [
            0,
            101,
            10,
            157,
            0.8131996393203735,
            7.0
          ]
        ],
        "gt": [
          [
            0,
            169,
            10,
            223,
            1.0,
            1.0
          ],
          [
            113,
            174,
            160,
            231,
            1.0,
            5.0
          ],
          [
            0,
            99,
            11,
            155,
            1.0,
            7.0
          ]
        ],
        "ok": true
      },
      {
        "name": "58b42b6e97f54385bd38535daa1a3d9c.jpg",
        "nickname": "0719110237.jpg",
        "pred": [
          [
            0,
            134,
            45,
            203,
            0.6058346629142761,
            1.0
          ],
          [
            0,
            38,
            41,
            107,
            0.7839151620864868,
            7.0
          ]
        ],
        "gt": [
          [
            0,
            35,
            44,
            108,
            1.0,
            7.0
          ]
        ],
        "ok": false
      },
      {
        "name": "723b7fed27664f5786f5e07e628165d3.jpg",
        "nickname": "0718204452.jpg",
        "pred": [
          [
            146,
            22,
            182,
            96,
            0.877076268196106,
            0.0
          ],
          [
            45,
            134,
            107,
            219,
            0.7764725089073181,
            1.0
          ]
        ],
        "gt": [
          [
            150,
            21,
            183,
            93,
            1.0,
            0.0
          ]
        ],
        "ok": false
      },
      {
        "name": "74a6e62e5e0d4266ad506eb3f1078d26.jpg",
        "nickname": "0718211352.jpg",
        "pred": [
          [
            20,
            32,
            84,
            122,
            0.9023712277412415,
            3.0
          ],
          [
            117,
            26,
            182,
            127,
            0.6279465556144714,
            4.0
          ]
        ],
        "gt": [
          [
            10,
            27,
            93,
            132,
            1.0,
            3.0
          ]
        ],
        "ok": false
      },
      {
        "name": "da82c2386b4c4b2b95aff256920df78d.jpg",
        "nickname": "0718212411.jpg",
        "pred": [
          [
            0,
            130,
            53,
            218,
            0.5372344851493835,
            5.0
          ],
          [
            70,
            133,
            128,
            218,
            0.9022067785263062,
            6.0
          ]
        ],
        "gt": [
          [
            0,
            128,
            50,
            226,
            1.0,
            5.0
          ]
        ],
        "ok": false
      },
      {
        "name": "204a15ffb80e476eb2a51faec8e8f0bc.jpg",
        "nickname": "0718210244.jpg",
        "pred": [
          [
            0,
            107,
            40,
            193,
            0.7978160381317139,
            1.0
          ],
          [
            76,
            116,
            126,
            195,
            0.6010469794273376,
            2.0
          ]
        ],
        "gt": [
          [
            67,
            120,
            121,
            201,
            1.0,
            2.0
          ]
        ],
        "ok": false
      },
      {
        "name": "df1d8afac9df4b9dbe4d417b237b8221.jpg",
        "nickname": "0718211810.jpg",
        "pred": [
          [
            19,
            41,
            88,
            134,
            0.8321494460105896,
            3.0
          ],
          [
            116,
            42,
            181,
            138,
            0.742063581943512,
            4.0
          ]
        ],
        "gt": [
          [
            111,
            43,
            182,
            134,
            1.0,
            4.0
          ]
        ],
        "ok": false
      },
      {
        "name": "f9dca594e20545b799e4cfdf10dc1667.jpg",
        "nickname": "0718212841.jpg",
        "pred": [
          [
            14,
            84,
            75,
            170,
            0.9023125171661377,
            5.0
          ],
          [
            81,
            82,
            141,
            160,
            0.7150129675865173,
            6.0
          ]
        ],
        "gt": [
          [
            88,
            87,
            140,
            161,
            1.0,
            6.0
          ]
        ],
        "ok": false
      },
      {
        "name": "865e1388ab2244399c91efac014e45e2.jpg",
        "nickname": "0719115913.jpg",
        "pred": [
          [
            38,
            146,
            82,
            210,
            0.5308161973953247,
            1.0
          ],
          [
            36,
            45,
            79,
            119,
            0.7636656165122986,
            7.0
          ]
        ],
        "gt": [
          [
            37,
            147,
            82,
            210,
            1.0,
            1.0
          ]
        ],
        "ok": false
      },
      {
        "name": "8fa20d017a5f46d29d960a459be3f125.jpg",
        "nickname": "0718213113.jpg",
        "pred": [
          [
            60,
            55,
            161,
            190,
            0.9411813020706177,
            6.0
          ]
        ],
        "gt": [
          [
            70,
            72,
            148,
            179,
            1.0,
            6.0
          ]
        ],
        "ok": true
      },
      {
        "name": "8cf3558eb7784b378f117e28c717db45.jpg",
        "nickname": "0718211836.jpg",
        "pred": [
          [
            25,
            62,
            114,
            159,
            0.7745199203491211,
            4.0
          ]
        ],
        "gt": [
          [
            17,
            60,
            99,
            160,
            1.0,
            4.0
          ]
        ],
        "ok": true
      },
      {
        "name": "3b1bce6ee23543f7ab4fbc4467b258eb.jpg",
        "nickname": "0718205249.jpg",
        "pred": [
          [
            46,
            19,
            182,
            204,
            0.9307354092597961,
            2.0
          ]
        ],
        "gt": [
          [
            42,
            30,
            183,
            199,
            1.0,
            2.0
          ]
        ],
        "ok": true
      },
      {
        "name": "0786e1c7d8664efeb1184bb44b3155ea.jpg",
        "nickname": "0718211453.jpg",
        "pred": [
          [
            29,
            34,
            143,
            192,
            0.9599131345748901,
            3.0
          ]
        ],
        "gt": [
          [
            10,
            15,
            149,
            197,
            1.0,
            3.0
          ]
        ],
        "ok": true
      },
      {
        "name": "765d0357292b49f68a7ed9846b37e293.jpg",
        "nickname": "0718204453.jpg",
        "pred": [
          [
            142,
            20,
            183,
            94,
            0.9107106924057007,
            0.0
          ]
        ],
        "gt": [
          [
            145,
            19,
            183,
            93,
            1.0,
            0.0
          ]
        ],
        "ok": true
      }
    ]
  }
}