{
  "anchors": [
    2.31,
    3.06,
    0.81,
    1.38,
    3.19,
    3.94,
    1.25,
    1.84,
    1.69,
    2.34
  ],
  "inputs": {
    "input0": [
      224,
      224,
      3
    ]
  },
  "outputs": {
    "output0": [
      7,
      7,
      65
    ]
  },
  "params_quantity": 1882961,
  "loss": [
    [
      1,
      0.95385
    ],
    [
      2,
      0.41591
    ],
    [
      3,
      0.35187
    ],
    [
      4,
      0.32059
    ],
    [
      5,
      0.36515
    ],
    [
      6,
      0.79661
    ],
    [
      7,
      0.17569
    ],
    [
      8,
      0.11626
    ],
    [
      9,
      0.07633
    ],
    [
      10,
      0.07702
    ],
    [
      11,
      0.07373
    ],
    [
      12,
      0.0597
    ],
    [
      13,
      0.05039
    ],
    [
      14,
      0.03934
    ],
    [
      15,
      0.03937
    ],
    [
      16,
      0.03546
    ],
    [
      17,
      0.0318
    ],
    [
      18,
      0.03593
    ],
    [
      19,
      0.02822
    ],
    [
      20,
      0.04531
    ],
    [
      21,
      0.03152
    ],
    [
      22,
      0.02857
    ],
    [
      23,
      0.02711
    ],
    [
      24,
      0.02614
    ],
    [
      25,
      0.03361
    ],
    [
      26,
      0.02794
    ],
    [
      27,
      0.02492
    ],
    [
      28,
      0.02265
    ],
    [
      29,
      0.01818
    ],
    [
      30,
      0.02341
    ],
    [
      31,
      0.02569
    ],
    [
      32,
      0.01934
    ],
    [
      33,
      0.01711
    ],
    [
      34,
      0.01702
    ],
    [
      35,
      0.02252
    ],
    [
      36,
      0.04934
    ],
    [
      37,
      0.03475
    ],
    [
      38,
      0.02848
    ],
    [
      39,
      0.02416
    ],
    [
      40,
      0.02308
    ],
    [
      41,
      0.0179
    ],
    [
      42,
      0.02074
    ],
    [
      43,
      0.01995
    ],
    [
      44,
      0.0159
    ],
    [
      45,
      0.01871
    ],
    [
      46,
      0.01995
    ],
    [
      47,
      0.01645
    ],
    [
      48,
      0.01396
    ],
    [
      49,
      0.01277
    ],
    [
      50,
      0.01242
    ],
    [
      51,
      0.01208
    ],
    [
      52,
      0.01313
    ],
    [
      53,
      0.01235
    ],
    [
      54,
      0.01037
    ],
    [
      55,
      0.01105
    ],
    [
      56,
      0.0119
    ],
    [
      57,
      0.01064
    ],
    [
      58,
      0.02905
    ],
    [
      59,
      0.0349
    ],
    [
      60,
      0.0245
    ],
    [
      61,
      0.01861
    ],
    [
      62,
      0.01383
    ],
    [
      63,
      0.01414
    ],
    [
      64,
      0.01249
    ],
    [
      65,
      0.01181
    ],
    [
      66,
      0.01129
    ],
    [
      67,
      0.01142
    ],
    [
      68,
      0.01103
    ],
    [
      69,
      0.01023
    ],
    [
      70,
      0.0094
    ],
    [
      71,
      0.01107
    ],
    [
      72,
      0.00993
    ],
    [
      73,
      0.00889
    ],
    [
      74,
      0.00889
    ],
    [
      75,
      0.0085
    ],
    [
      76,
      0.00779
    ],
    [
      77,
      0.00854
    ],
    [
      78,
      0.01002
    ],
    [
      79,
      0.00886
    ],
    [
      80,
      0.01231
    ],
    [
      81,
      0.009
    ],
    [
      82,
      0.00844
    ],
    [
      83,
      0.00864
    ],
    [
      84,
      0.00827
    ],
    [
      85,
      0.00919
    ],
    [
      86,
      0.00781
    ],
    [
      87,
      0.00745
    ],
    [
      88,
      0.00749
    ],
    [
      89,
      0.00725
    ],
    [
      90,
      0.00996
    ],
    [
      91,
      0.00882
    ],
    [
      92,
      0.00816
    ],
    [
      93,
      0.00801
    ],
    [
      94,
      0.00788
    ],
    [
      95,
      0.00913
    ],
    [
      96,
      0.00965
    ],
    [
      97,
      0.00894
    ],
    [
      98,
      0.00715
    ],
    [
      99,
      0.00795
    ],
    [
      100,
      0.00674
    ],
    [
      101,
      0.00667
    ],
    [
      102,
      0.00633
    ],
    [
      103,
      0.00584
    ],
    [
      104,
      0.00614
    ],
    [
      105,
      0.00613
    ],
    [
      106,
      0.00653
    ],
    [
      107,
      0.0065
    ],
    [
      108,
      0.00704
    ],
    [
      109,
      0.0076
    ],
    [
      110,
      0.00742
    ],
    [
      111,
      0.00724
    ],
    [
      112,
      0.00615
    ],
    [
      113,
      0.00653
    ],
    [
      114,
      0.00635
    ],
    [
      115,
      0.00636
    ],
    [
      116,
      0.00602
    ],
    [
      117,
      0.00571
    ],
    [
      118,
      0.00581
    ],
    [
      119,
      0.00606
    ],
    [
      120,
      0.00526
    ],
    [
      121,
      0.00554
    ],
    [
      122,
      0.00624
    ],
    [
      123,
      0.00562
    ],
    [
      124,
      0.00585
    ],
    [
      125,
      0.00808
    ],
    [
      126,
      0.00625
    ],
    [
      127,
      0.00631
    ],
    [
      128,
      0.00712
    ],
    [
      129,
      0.00667
    ],
    [
      130,
      0.00583
    ],
    [
      131,
      0.00695
    ],
    [
      132,
      0.0085
    ],
    [
      133,
      0.00703
    ],
    [
      134,
      0.00529
    ],
    [
      135,
      0.00572
    ],
    [
      136,
      0.00551
    ],
    [
      137,
      0.0053
    ],
    [
      138,
      0.005
    ],
    [
      139,
      0.00456
    ],
    [
      140,
      0.00481
    ],
    [
      141,
      0.0057
    ],
    [
      142,
      0.00499
    ],
    [
      143,
      0.00545
    ],
    [
      144,
      0.00512
    ],
    [
      145,
      0.00518
    ],
    [
      146,
      0.00505
    ],
    [
      147,
      0.00525
    ],
    [
      148,
      0.00441
    ],
    [
      149,
      0.00456
    ],
    [
      150,
      0.00515
    ],
    [
      151,
      0.00476
    ],
    [
      152,
      0.00645
    ],
    [
      153,
      0.00616
    ],
    [
      154,
      0.006
    ],
    [
      155,
      0.00478
    ],
    [
      156,
      0.00459
    ],
    [
      157,
      0.00426
    ],
    [
      158,
      0.00413
    ],
    [
      159,
      0.00417
    ],
    [
      160,
      0.0039
    ],
    [
      161,
      0.00451
    ],
    [
      162,
      0.00433
    ],
    [
      163,
      0.00401
    ],
    [
      164,
      0.00387
    ],
    [
      165,
      0.00447
    ],
    [
      166,
      0.00432
    ],
    [
      167,
      0.0039
    ],
    [
      168,
      0.00373
    ],
    [
      169,
      0.00409
    ],
    [
      170,
      0.00446
    ],
    [
      171,
      0.00417
    ],
    [
      172,
      0.00418
    ],
    [
      173,
      0.00389
    ],
    [
      174,
      0.00386
    ],
    [
      175,
      0.00385
    ],
    [
      176,
      0.00367
    ],
    [
      177,
      0.00357
    ],
    [
      178,
      0.00353
    ],
    [
      179,
      0.00349
    ],
    [
      180,
      0.00375
    ],
    [
      181,
      0.00342
    ],
    [
      182,
      0.00331
    ],
    [
      183,
      0.00332
    ],
    [
      184,
      0.00335
    ],
    [
      185,
      0.00337
    ],
    [
      186,
      0.00371
    ],
    [
      187,
      0.00346
    ],
    [
      188,
      0.00333
    ],
    [
      189,
      0.0032
    ],
    [
      190,
      0.00325
    ],
    [
      191,
      0.00318
    ],
    [
      192,
      0.00304
    ],
    [
      193,
      0.00298
    ],
    [
      194,
      0.00323
    ],
    [
      195,
      0.00304
    ],
    [
      196,
      0.00288
    ],
    [
      197,
      0.00305
    ],
    [
      198,
      0.00283
    ],
    [
      199,
      0.00291
    ],
    [
      200,
      0.00318
    ]
  ],
  "acc": [
    [
      1,
      0.42295
    ],
    [
      2,
      0.48777
    ],
    [
      3,
      0.5119
    ],
    [
      4,
      0.50712
    ],
    [
      5,
      0.48197
    ],
    [
      6,
      0.33523
    ],
    [
      7,
      0.26377
    ],
    [
      8,
      0.27576
    ],
    [
      9,
      0.2712
    ],
    [
      10,
      0.29367
    ],
    [
      11,
      0.2904
    ],
    [
      12,
      0.27654
    ],
    [
      13,
      0.2772
    ],
    [
      14,
      0.27784
    ],
    [
      15,
      0.27513
    ],
    [
      16,
      0.28004
    ],
    [
      17,
      0.27911
    ],
    [
      18,
      0.2828
    ],
    [
      19,
      0.28297
    ],
    [
      20,
      0.28634
    ],
    [
      21,
      0.28109
    ],
    [
      22,
      0.28423
    ],
    [
      23,
      0.28172
    ],
    [
      24,
      0.27923
    ],
    [
      25,
      0.2798
    ],
    [
      26,
      0.27978
    ],
    [
      27,
      0.28066
    ],
    [
      28,
      0.28291
    ],
    [
      29,
      0.28338
    ],
    [
      30,
      0.28434
    ],
    [
      31,
      0.286
    ],
    [
      32,
      0.28243
    ],
    [
      33,
      0.28397
    ],
    [
      34,
      0.28525
    ],
    [
      35,
      0.28237
    ],
    [
      36,
      0.28469
    ],
    [
      37,
      0.28393
    ],
    [
      38,
      0.29026
    ],
    [
      39,
      0.28902
    ],
    [
      40,
      0.29506
    ],
    [
      41,
      0.29496
    ],
    [
      42,
      0.29349
    ],
    [
      43,
      0.29703
    ],
    [
      44,
      0.29472
    ],
    [
      45,
      0.29441
    ],
    [
      46,
      0.28726
    ],
    [
      47,
      0.2827
    ],
    [
      48,
      0.28161
    ],
    [
      49,
      0.2836
    ],
    [
      50,
      0.28297
    ],
    [
      51,
      0.28068
    ],
    [
      52,
      0.27931
    ],
    [
      53,
      0.27932
    ],
    [
      54,
      0.27821
    ],
    [
      55,
      0.28014
    ],
    [
      56,
      0.28078
    ],
    [
      57,
      0.28406
    ],
    [
      58,
      0.28343
    ],
    [
      59,
      0.28656
    ],
    [
      60,
      0.28665
    ],
    [
      61,
      0.28473
    ],
    [
      62,
      0.28477
    ],
    [
      63,
      0.28268
    ],
    [
      64,
      0.27971
    ],
    [
      65,
      0.28418
    ],
    [
      66,
      0.28096
    ],
    [
      67,
      0.28442
    ],
    [
      68,
      0.28687
    ],
    [
      69,
      0.28572
    ],
    [
      70,
      0.28675
    ],
    [
      71,
      0.28514
    ],
    [
      72,
      0.28358
    ],
    [
      73,
      0.28092
    ],
    [
      74,
      0.2807
    ],
    [
      75,
      0.28037
    ],
    [
      76,
      0.28138
    ],
    [
      77,
      0.28117
    ],
    [
      78,
      0.28428
    ],
    [
      79,
      0.28455
    ],
    [
      80,
      0.28499
    ],
    [
      81,
      0.28539
    ],
    [
      82,
      0.28528
    ],
    [
      83,
      0.28402
    ],
    [
      84,
      0.28277
    ],
    [
      85,
      0.28373
    ],
    [
      86,
      0.28499
    ],
    [
      87,
      0.28619
    ],
    [
      88,
      0.28368
    ],
    [
      89,
      0.28162
    ],
    [
      90,
      0.28176
    ],
    [
      91,
      0.27721
    ],
    [
      92,
      0.28142
    ],
    [
      93,
      0.27926
    ],
    [
      94,
      0.27913
    ],
    [
      95,
      0.27708
    ],
    [
      96,
      0.27392
    ],
    [
      97,
      0.27048
    ],
    [
      98,
      0.27194
    ],
    [
      99,
      0.27546
    ],
    [
      100,
      0.27453
    ],
    [
      101,
      0.27454
    ],
    [
      102,
      0.27379
    ],
    [
      103,
      0.27172
    ],
    [
      104,
      0.26599
    ],
    [
      105,
      0.2674
    ],
    [
      106,
      0.26801
    ],
    [
      107,
      0.26915
    ],
    [
      108,
      0.26861
    ],
    [
      109,
      0.26404
    ],
    [
      110,
      0.2641
    ],
    [
      111,
      0.26158
    ],
    [
      112,
      0.26463
    ],
    [
      113,
      0.26586
    ],
    [
      114,
      0.26493
    ],
    [
      115,
      0.26624
    ],
    [
      116,
      0.26528
    ],
    [
      117,
      0.26349
    ],
    [
      118,
      0.26149
    ],
    [
      119,
      0.26349
    ],
    [
      120,
      0.2644
    ],
    [
      121,
      0.26628
    ],
    [
      122,
      0.26311
    ],
    [
      123,
      0.26231
    ],
    [
      124,
      0.26176
    ],
    [
      125,
      0.26299
    ],
    [
      126,
      0.26387
    ],
    [
      127,
      0.2626
    ],
    [
      128,
      0.26029
    ],
    [
      129,
      0.26359
    ],
    [
      130,
      0.25987
    ],
    [
      131,
      0.26244
    ],
    [
      132,
      0.26021
    ],
    [
      133,
      0.25317
    ],
    [
      134,
      0.25442
    ],
    [
      135,
      0.25508
    ],
    [
      136,
      0.25302
    ],
    [
      137,
      0.25209
    ],
    [
      138,
      0.2538
    ],
    [
      139,
      0.25457
    ],
    [
      140,
      0.2568
    ],
    [
      141,
      0.25855
    ],
    [
      142,
      0.25696
    ],
    [
      143,
      0.25957
    ],
    [
      144,
      0.25915
    ],
    [
      145,
      0.25642
    ],
    [
      146,
      0.25386
    ],
    [
      147,
      0.25647
    ],
    [
      148,
      0.25874
    ],
    [
      149,
      0.25669
    ],
    [
      150,
      0.25734
    ],
    [
      151,
      0.25892
    ],
    [
      152,
      0.25538
    ],
    [
      153,
      0.26193
    ],
    [
      154,
      0.2635
    ],
    [
      155,
      0.2627
    ],
    [
      156,
      0.26223
    ],
    [
      157,
      0.2584
    ],
    [
      158,
      0.25746
    ],
    [
      159,
      0.25812
    ],
    [
      160,
      0.25989
    ],
    [
      161,
      0.25591
    ],
    [
      162,
      0.25651
    ],
    [
      163,
      0.25692
    ],
    [
      164,
      0.25798
    ],
    [
      165,
      0.258
    ],
    [
      166,
      0.25776
    ],
    [
      167,
      0.25819
    ],
    [
      168,
      0.2566
    ],
    [
      169,
      0.25429
    ],
    [
      170,
      0.25407
    ],
    [
      171,
      0.2547
    ],
    [
      172,
      0.25557
    ],
    [
      173,
      0.25571
    ],
    [
      174,
      0.25672
    ],
    [
      175,
      0.2564
    ],
    [
      176,
      0.25897
    ],
    [
      177,
      0.25899
    ],
    [
      178,
      0.26091
    ],
    [
      179,
      0.26184
    ],
    [
      180,
      0.25899
    ],
    [
      181,
      0.25748
    ],
    [
      182,
      0.25754
    ],
    [
      183,
      0.26109
    ],
    [
      184,
      0.26184
    ],
    [
      185,
      0.26198
    ],
    [
      186,
      0.26087
    ],
    [
      187,
      0.26225
    ],
    [
      188,
      0.2636
    ],
    [
      189,
      0.25948
    ],
    [
      190,
      0.25918
    ],
    [
      191,
      0.25831
    ],
    [
      192,
      0.25811
    ],
    [
      193,
      0.25719
    ],
    [
      194,
      0.25658
    ],
    [
      195,
      0.25413
    ],
    [
      196,
      0.25365
    ],
    [
      197,
      0.25349
    ],
    [
      198,
      0.25616
    ],
    [
      199,
      0.256
    ],
    [
      200,
      0.25594
    ]
  ],
  "lr": [
    [
      1,
      0.001
    ],
    [
      2,
      0.00099
    ],
    [
      3,
      0.00098
    ],
    [
      4,
      0.00097
    ],
    [
      5,
      0.00095
    ],
    [
      6,
      0.00094
    ],
    [
      7,
      0.00093
    ],
    [
      8,
      0.00092
    ],
    [
      9,
      0.00091
    ],
    [
      10,
      0.0009
    ],
    [
      11,
      0.00089
    ],
    [
      12,
      0.00088
    ],
    [
      13,
      0.00087
    ],
    [
      14,
      0.00086
    ],
    [
      15,
      0.00085
    ],
    [
      16,
      0.00084
    ],
    [
      17,
      0.00083
    ],
    [
      18,
      0.00082
    ],
    [
      19,
      0.00081
    ],
    [
      20,
      0.0008
    ],
    [
      21,
      0.00079
    ],
    [
      22,
      0.00079
    ],
    [
      23,
      0.00078
    ],
    [
      24,
      0.00077
    ],
    [
      25,
      0.00076
    ],
    [
      26,
      0.00075
    ],
    [
      27,
      0.00074
    ],
    [
      28,
      0.00073
    ],
    [
      29,
      0.00072
    ],
    [
      30,
      0.00072
    ],
    [
      31,
      0.00071
    ],
    [
      32,
      0.0007
    ],
    [
      33,
      0.00069
    ],
    [
      34,
      0.00068
    ],
    [
      35,
      0.00068
    ],
    [
      36,
      0.00067
    ],
    [
      37,
      0.00066
    ],
    [
      38,
      0.00065
    ],
    [
      39,
      0.00065
    ],
    [
      40,
      0.00064
    ],
    [
      41,
      0.00063
    ],
    [
      42,
      0.00062
    ],
    [
      43,
      0.00062
    ],
    [
      44,
      0.00061
    ],
    [
      45,
      0.0006
    ],
    [
      46,
      0.0006
    ],
    [
      47,
      0.00059
    ],
    [
      48,
      0.00058
    ],
    [
      49,
      0.00058
    ],
    [
      50,
      0.00057
    ],
    [
      51,
      0.00056
    ],
    [
      52,
      0.00056
    ],
    [
      53,
      0.00055
    ],
    [
      54,
      0.00054
    ],
    [
      55,
      0.00054
    ],
    [
      56,
      0.00053
    ],
    [
      57,
      0.00052
    ],
    [
      58,
      0.00052
    ],
    [
      59,
      0.00051
    ],
    [
      60,
      0.00051
    ],
    [
      61,
      0.0005
    ],
    [
      62,
      0.0005
    ],
    [
      63,
      0.00049
    ],
    [
      64,
      0.00048
    ],
    [
      65,
      0.00048
    ],
    [
      66,
      0.00047
    ],
    [
      67,
      0.00047
    ],
    [
      68,
      0.00046
    ],
    [
      69,
      0.00046
    ],
    [
      70,
      0.00045
    ],
    [
      71,
      0.00045
    ],
    [
      72,
      0.00044
    ],
    [
      73,
      0.00044
    ],
    [
      74,
      0.00043
    ],
    [
      75,
      0.00043
    ],
    [
      76,
      0.00042
    ],
    [
      77,
      0.00042
    ],
    [
      78,
      0.00041
    ],
    [
      79,
      0.00041
    ],
    [
      80,
      0.0004
    ],
    [
      81,
      0.0004
    ],
    [
      82,
      0.00039
    ],
    [
      83,
      0.00039
    ],
    [
      84,
      0.00038
    ],
    [
      85,
      0.00038
    ],
    [
      86,
      0.00038
    ],
    [
      87,
      0.00037
    ],
    [
      88,
      0.00037
    ],
    [
      89,
      0.00036
    ],
    [
      90,
      0.00036
    ],
    [
      91,
      0.00035
    ],
    [
      92,
      0.00035
    ],
    [
      93,
      0.00035
    ],
    [
      94,
      0.00034
    ],
    [
      95,
      0.00034
    ],
    [
      96,
      0.00033
    ],
    [
      97,
      0.00033
    ],
    [
      98,
      0.00033
    ],
    [
      99,
      0.00032
    ],
    [
      100,
      0.00032
    ],
    [
      101,
      0.00032
    ],
    [
      102,
      0.00031
    ],
    [
      103,
      0.00031
    ],
    [
      104,
      0.00031
    ],
    [
      105,
      0.0003
    ],
    [
      106,
      0.0003
    ],
    [
      107,
      0.0003
    ],
    [
      108,
      0.00029
    ],
    [
      109,
      0.00029
    ],
    [
      110,
      0.00029
    ],
    [
      111,
      0.00028
    ],
    [
      112,
      0.00028
    ],
    [
      113,
      0.00028
    ],
    [
      114,
      0.00027
    ],
    [
      115,
      0.00027
    ],
    [
      116,
      0.00027
    ],
    [
      117,
      0.00026
    ],
    [
      118,
      0.00026
    ],
    [
      119,
      0.00026
    ],
    [
      120,
      0.00025
    ],
    [
      121,
      0.00025
    ],
    [
      122,
      0.00025
    ],
    [
      123,
      0.00025
    ],
    [
      124,
      0.00024
    ],
    [
      125,
      0.00024
    ],
    [
      126,
      0.00024
    ],
    [
      127,
      0.00023
    ],
    [
      128,
      0.00023
    ],
    [
      129,
      0.00023
    ],
    [
      130,
      0.00023
    ],
    [
      131,
      0.00022
    ],
    [
      132,
      0.00022
    ],
    [
      133,
      0.00022
    ],
    [
      134,
      0.00022
    ],
    [
      135,
      0.00021
    ],
    [
      136,
      0.00021
    ],
    [
      137,
      0.00021
    ],
    [
      138,
      0.00021
    ],
    [
      139,
      0.0002
    ],
    [
      140,
      0.0002
    ],
    [
      141,
      0.0002
    ],
    [
      142,
      0.0002
    ],
    [
      143,
      0.00019
    ],
    [
      144,
      0.00019
    ],
    [
      145,
      0.00019
    ],
    [
      146,
      0.00019
    ],
    [
      147,
      0.00019
    ],
    [
      148,
      0.00018
    ],
    [
      149,
      0.00018
    ],
    [
      150,
      0.00018
    ],
    [
      151,
      0.00018
    ],
    [
      152,
      0.00018
    ],
    [
      153,
      0.00017
    ],
    [
      154,
      0.00017
    ],
    [
      155,
      0.00017
    ],
    [
      156,
      0.00017
    ],
    [
      157,
      0.00017
    ],
    [
      158,
      0.00016
    ],
    [
      159,
      0.00016
    ],
    [
      160,
      0.00016
    ],
    [
      161,
      0.00016
    ],
    [
      162,
      0.00016
    ],
    [
      163,
      0.00015
    ],
    [
      164,
      0.00015
    ],
    [
      165,
      0.00015
    ],
    [
      166,
      0.00015
    ],
    [
      167,
      0.00015
    ],
    [
      168,
      0.00015
    ],
    [
      169,
      0.00014
    ],
    [
      170,
      0.00014
    ],
    [
      171,
      0.00014
    ],
    [
      172,
      0.00014
    ],
    [
      173,
      0.00014
    ],
    [
      174,
      0.00014
    ],
    [
      175,
      0.00013
    ],
    [
      176,
      0.00013
    ],
    [
      177,
      0.00013
    ],
    [
      178,
      0.00013
    ],
    [
      179,
      0.00013
    ],
    [
      180,
      0.00013
    ],
    [
      181,
      0.00013
    ],
    [
      182,
      0.00012
    ],
    [
      183,
      0.00012
    ],
    [
      184,
      0.00012
    ],
    [
      185,
      0.00012
    ],
    [
      186,
      0.00012
    ],
    [
      187,
      0.00012
    ],
    [
      188,
      0.00012
    ],
    [
      189,
      0.00011
    ],
    [
      190,
      0.00011
    ],
    [
      191,
      0.00011
    ],
    [
      192,
      0.00011
    ],
    [
      193,
      0.00011
    ],
    [
      194,
      0.00011
    ],
    [
      195,
      0.00011
    ],
    [
      196,
      0.00011
    ],
    [
      197,
      0.0001
    ],
    [
      198,
      0.0001
    ],
    [
      199,
      0.0001
    ],
    [
      200,
      0.0001
    ]
  ],
  "val_acc": [
    [
      10,
      0.26562
    ],
    [
      20,
      0.55328
    ],
    [
      30,
      0.68524
    ],
    [
      40,
      0.71764
    ],
    [
      50,
      0.77921
    ],
    [
      60,
      0.6686
    ],
    [
      70,
      0.78804
    ],
    [
      80,
      0.81172
    ],
    [
      90,
      0.79351
    ],
    [
      100,
      0.86584
    ],
    [
      110,
      0.82218
    ],
    [
      120,
      0.8386
    ],
    [
      130,
      0.81441
    ],
    [
      140,
      0.8586
    ],
    [
      150,
      0.8336
    ],
    [
      160,
      0.82758
    ],
    [
      170,
      0.80169
    ],
    [
      180,
      0.87013
    ],
    [
      190,
      0.87809
    ],
    [
      200,
      0.85612
    ]
  ],
  "AP_8": [
    [
      10,
      0.63636
    ],
    [
      20,
      0.4303
    ],
    [
      30,
      0.67692
    ],
    [
      40,
      0.6014
    ],
    [
      50,
      0.81556
    ],
    [
      60,
      0.73882
    ],
    [
      70,
      0.90909
    ],
    [
      80,
      0.89649
    ],
    [
      90,
      0.81818
    ],
    [
      100,
      0.88961
    ],
    [
      110,
      0.81818
    ],
    [
      120,
      0.90909
    ],
    [
      130,
      0.72727
    ],
    [
      140,
      0.90909
    ],
    [
      150,
      0.81818
    ],
    [
      160,
      0.72727
    ],
    [
      170,
      0.81818
    ],
    [
      180,
      0.90909
    ],
    [
      190,
      0.90909
    ],
    [
      200,
      0.90909
    ]
  ],
  "AP_1": [
    [
      10,
      0.0
    ],
    [
      20,
      0.28571
    ],
    [
      30,
      0.6014
    ],
    [
      40,
      0.54132
    ],
    [
      50,
      0.66942
    ],
    [
      60,
      0.5013
    ],
    [
      70,
      0.61039
    ],
    [
      80,
      0.55647
    ],
    [
      90,
      0.77622
    ],
    [
      100,
      0.68939
    ],
    [
      110,
      0.77622
    ],
    [
      120,
      0.74513
    ],
    [
      130,
      0.90909
    ],
    [
      140,
      0.90909
    ],
    [
      150,
      0.86364
    ],
    [
      160,
      0.77622
    ],
    [
      170,
      0.77622
    ],
    [
      180,
      0.90909
    ],
    [
      190,
      0.90909
    ],
    [
      200,
      0.90909
    ]
  ],
  "AP_2": [
    [
      10,
      0.0
    ],
    [
      20,
      0.5221
    ],
    [
      30,
      0.762
    ],
    [
      40,
      0.84046
    ],
    [
      50,
      0.762
    ],
    [
      60,
      0.62303
    ],
    [
      70,
      0.77706
    ],
    [
      80,
      0.79883
    ],
    [
      90,
      0.82193
    ],
    [
      100,
      0.85245
    ],
    [
      110,
      0.86077
    ],
    [
      120,
      0.85245
    ],
    [
      130,
      0.82943
    ],
    [
      140,
      0.95629
    ],
    [
      150,
      0.95629
    ],
    [
      160,
      0.95629
    ],
    [
      170,
      0.94694
    ],
    [
      180,
      0.95629
    ],
    [
      190,
      0.95629
    ],
    [
      200,
      0.95629
    ]
  ],
  "AP_3": [
    [
      10,
      0.27273
    ],
    [
      20,
      0.7197
    ],
    [
      30,
      0.74848
    ],
    [
      40,
      0.87658
    ],
    [
      50,
      0.87658
    ],
    [
      60,
      0.86832
    ],
    [
      70,
      0.8042
    ],
    [
      80,
      0.8042
    ],
    [
      90,
      0.8042
    ],
    [
      100,
      0.84353
    ],
    [
      110,
      0.95152
    ],
    [
      120,
      0.84353
    ],
    [
      130,
      0.84353
    ],
    [
      140,
      0.84353
    ],
    [
      150,
      0.84353
    ],
    [
      160,
      0.95152
    ],
    [
      170,
      0.75584
    ],
    [
      180,
      0.95152
    ],
    [
      190,
      0.84353
    ],
    [
      200,
      0.84353
    ]
  ],
  "AP_4": [
    [
      10,
      0.48864
    ],
    [
      20,
      0.55789
    ],
    [
      30,
      0.63295
    ],
    [
      40,
      0.62374
    ],
    [
      50,
      0.70847
    ],
    [
      60,
      0.63445
    ],
    [
      70,
      0.69668
    ],
    [
      80,
      0.71919
    ],
    [
      90,
      0.73147
    ],
    [
      100,
      0.87727
    ],
    [
      110,
      0.7197
    ],
    [
      120,
      0.71212
    ],
    [
      130,
      0.65874
    ],
    [
      140,
      0.7197
    ],
    [
      150,
      0.7197
    ],
    [
      160,
      0.7197
    ],
    [
      170,
      0.73147
    ],
    [
      180,
      0.71212
    ],
    [
      190,
      0.79762
    ],
    [
      200,
      0.71212
    ]
  ],
  "AP_5": [
    [
      10,
      0.18182
    ],
    [
      20,
      0.77922
    ],
    [
      30,
      0.69286
    ],
    [
      40,
      0.87273
    ],
    [
      50,
      0.84533
    ],
    [
      60,
      0.6993
    ],
    [
      70,
      0.87273
    ],
    [
      80,
      0.93789
    ],
    [
      90,
      0.88961
    ],
    [
      100,
      0.97576
    ],
    [
      110,
      0.88961
    ],
    [
      120,
      0.97576
    ],
    [
      130,
      0.97576
    ],
    [
      140,
      0.87658
    ],
    [
      150,
      0.87658
    ],
    [
      160,
      0.88961
    ],
    [
      170,
      0.88961
    ],
    [
      180,
      0.88961
    ],
    [
      190,
      0.97576
    ],
    [
      200,
      0.88961
    ]
  ],
  "AP_6": [
    [
      10,
      0.27273
    ],
    [
      20,
      0.46465
    ],
    [
      30,
      0.65758
    ],
    [
      40,
      0.63636
    ],
    [
      50,
      0.81818
    ],
    [
      60,
      0.54545
    ],
    [
      70,
      0.8961
    ],
    [
      80,
      0.88961
    ],
    [
      90,
      0.68182
    ],
    [
      100,
      0.90909
    ],
    [
      110,
      0.76923
    ],
    [
      120,
      0.76923
    ],
    [
      130,
      0.68182
    ],
    [
      140,
      0.81818
    ],
    [
      150,
      0.68182
    ],
    [
      160,
      0.68182
    ],
    [
      170,
      0.6589
    ],
    [
      180,
      0.68182
    ],
    [
      190,
      0.68182
    ],
    [
      200,
      0.67769
    ]
  ],
  "AP_7": [
    [
      10,
      0.27273
    ],
    [
      20,
      0.66667
    ],
    [
      30,
      0.70974
    ],
    [
      40,
      0.74848
    ],
    [
      50,
      0.73811
    ],
    [
      60,
      0.73811
    ],
    [
      70,
      0.73811
    ],
    [
      80,
      0.89106
    ],
    [
      90,
      0.82465
    ],
    [
      100,
      0.88961
    ],
    [
      110,
      0.79221
    ],
    [
      120,
      0.90152
    ],
    [
      130,
      0.88961
    ],
    [
      140,
      0.83636
    ],
    [
      150,
      0.90909
    ],
    [
      160,
      0.91818
    ],
    [
      170,
      0.83636
    ],
    [
      180,
      0.95152
    ],
    [
      190,
      0.95152
    ],
    [
      200,
      0.95152
    ]
  ],
  "mean": 123.5,
  "std": 58.395,
  "label_type": "detection",
  "data_type": "image",
  "labels": [
    "8",
    "1",
    "2",
    "3",
    "4",
    "5",
    "6",
    "7"
  ],
  "best_eval": {
    "epoch": 190,
    "val_acc": 0.878,
    "val_info": [
      {
        "name": "389b524b29b94daaa923b46383d46786.jpg",
        "nickname": "0718205938.jpg",
        "pred": [
          [
            64,
            49,
            162,
            178,
            0.8787994980812073,
            3.0
          ],
          [
            176,
            43,
            319,
            217,
            0.8691539168357849,
            4.0
          ]
        ],
        "gt": [
          [
            181,
            36,
            319,
            214,
            1.0,
            4.0
          ]
        ],
        "ok": false
      },
      {
        "name": "c28167bd4d694d4c8e60d6190eaef503.jpg",
        "nickname": "0718204047.jpg",
        "pred": [
          [
            124,
            53,
            157,
            126,
            0.7753222584724426,
            1.0
          ],
          [
            210,
            51,
            257,
            130,
            0.8881480693817139,
            2.0
          ]
        ],
        "gt": [
          [
            123,
            54,
            154,
            124,
            1.0,
            1.0
          ]
        ],
        "ok": false
      },
      {
        "name": "e4e45a399c54461c98f8a203ffc57b83.jpg",
        "nickname": "0718204506.jpg",
        "pred": [
          [
            158,
            2,
            215,
            86,
            0.9786900877952576,
            2.0
          ],
          [
            157,
            132,
            213,
            214,
            0.6173394322395325,
            4.0
          ]
        ],
        "gt": [
          [
            160,
            0,
            216,
            87,
            1.0,
            2.0
          ]
        ],
        "ok": false
      },
      {
        "name": "74ac0fdfbb784884989f7df19a9c0b3c.jpg",
        "nickname": "0718204918.jpg",
        "pred": [
          [
            178,
            113,
            236,
            196,
            0.9403713345527649,
            3.0
          ]
        ],
        "gt": [
          [
            181,
            114,
            233,
            191,
            1.0,
            3.0
          ]
        ],
        "ok": true
      },
      {
        "name": "081cb8efbc60429cb21f466921d9262d.jpg",
        "nickname": "0718210214.jpg",
        "pred": [
          [
            152,
            32,
            253,
            158,
            0.812330424785614,
            4.0
          ]
        ],
        "gt": [
          [
            154,
            36,
            253,
            159,
            1.0,
            4.0
          ]
        ],
        "ok": true
      },
      {
        "name": "2caf4bf49a08457e8261ed92cde0a1fb.jpg",
        "nickname": "0718211703.jpg",
        "pred": [
          [
            82,
            76,
            186,
            202,
            0.8773585557937622,
            6.0
          ]
        ],
        "gt": [
          [
            81,
            89,
            193,
            216,
            1.0,
            6.0
          ]
        ],
        "ok": true
      },
      {
        "name": "b7e9564daa2648f888dc14beb9d78c9a.jpg",
        "nickname": "0718212250.jpg",
        "pred": [
          [
            161,
            12,
            252,
            139,
            0.981657087802887,
            7.0
          ]
        ],
        "gt": [
          [
            166,
            14,
            251,
            136,
            1.0,
            7.0
          ]
        ],
        "ok": true
      },
      {
        "name": "79ec07067c484460b5457a06a23cc3ba.jpg",
        "nickname": "0718210905.jpg",
        "pred": [
          [
            176,
            39,
            236,
            120,
            0.9164659380912781,
            5.0
          ]
        ],
        "gt": [
          [
            173,
            33,
            243,
            129,
            1.0,
            5.0
          ]
        ],
        "ok": true
      },
      {
        "name": "e401a59c151246c684abc8a8a60b19b5.jpg",
        "nickname": "0718213054.jpg",
        "pred": [
          [
            41,
            47,
            205,
            239,
            0.9894444942474365,
            0.0
          ]
        ],
        "gt": [
          [
            36,
            49,
            209,
            236,
            1.0,
            0.0
          ]
        ],
        "ok": true
      },
      {
        "name": "59f22e033fdc4688b4ddb05193be86ea.jpg",
        "nickname": "0718203916.jpg",
        "pred": [
          [
            124,
            97,
            154,
            169,
            0.7296749949455261,
            1.0
          ]
        ],
        "gt": [
          [
            123,
            99,
            153,
            173,
            1.0,
            1.0
          ]
        ],
        "ok": true
      },
      {
        "name": "70272683444145deb591dc11a497c29a.jpg",
        "nickname": "0718211758.jpg",
        "pred": [
          [
            56,
            22,
            110,
            107,
            0.8548294305801392,
            6.0
          ]
        ],
        "gt": [
          [
            36,
            10,
            127,
            124,
            1.0,
            6.0
          ]
        ],
        "ok": false
      },
      {
        "name": "03829fe457fd4d43a571fc728234ddef.jpg",
        "nickname": "0718204438.jpg",
        "pred": [
          [
            160,
            70,
            196,
            122,
            0.9497378468513489,
            2.0
          ]
        ],
        "gt": [
          [
            160,
            73,
            197,
            123,
            1.0,
            2.0
          ]
        ],
        "ok": true
      },
      {
        "name": "a375a376b40e4e2a99a4d0621a9996c2.jpg",
        "nickname": "0718213701.jpg",
        "pred": [
          [
            74,
            66,
            145,
            172,
            0.5343098640441895,
            7.0
          ]
        ],
        "gt": [
          [
            190,
            69,
            256,
            179,
            1.0,
            0.0
          ]
        ],
        "ok": false
      },
      {
        "name": "f9179d1bba5d4b75b0aa02eef03b63ec.jpg",
        "nickname": "0718205041.jpg",
        "pred": [
          [
            56,
            35,
            115,
            122,
            0.9637256264686584,
            3.0
          ]
        ],
        "gt": [
          [
            66,
            44,
            103,
            110,
            1.0,
            3.0
          ]
        ],
        "ok": false
      }
    ]
  }
}